Player,Batting Average,Home Runs,On-Base Percentage,Slugging Percentage
Josue De Paula,.323,1,.500,.581
Freddie Freeman,.288,16,.362,.430
Shohei Ohtani,.275,30,.377,.512
Andy Pages,.274,23,.343,.468
Teoscar Hernández,.267,16,.334,.425
Miguel Rojas,.267,4,.312,.391
Will Smith,.260,10,.355,.426
Hyeseong Kim,.259,1,.323,.328
Mookie Betts,.257,23,.326,.454
Max Muncy,.252,29,.348,.490
Tommy Edman,.247,8,.329,.385
Dalton Rushing,.246,12,.328,.460
Alex Freeland,.234,4,.327,.325
Alex Call,.233,1,.349,.307
Kyle Tucker,.233,17,.330,.385
Enrique Hernández,.222,4,.271,.400
Hunter Feduccia,.221,3,.312,.313
Eliezer Alfonzo,.179,0,.179,.250
