Pitch Type,Average Velocity - Left (mph),Average Velocity - Right (mph),Occurrence Percentage - Left (%),Occurrence Percentage - Right (%)
4-Seam Fastball,93.6,95.5,26.7%,33.3%
Sinker,93.7,94.5,23.1%,9.3%
Slider,86.1,87.3,17.1%,9.2%
Changeup,86.1,86.8,4.5%,15.4%
Cutter,88.3,90.1,9.1%,11.2%
Sweeper,81.3,83.5,12.5%,7.0%
Curveball,79.2,81.2,3.6%,7.6%
Split-Finger,84.1,88.1,1.0%,4.0%
Knuckle Curve,81.1,83.6,0.8%,2.1%
Slurve,85.3,84.8,1.7%,0.2%
Eephus,N/A,38.3,0.0%,0.3%
Forkball,N/A,84.8,0.0%,0.3%
Other,N/A,62.2,0.0%,0.2%
